person_id,old_school,new_school,change_date
1103,"Bailey, Ortiz and Brooks School",Jennings Group School,2026-04-28
1447,Leblanc-Nelson School,Oliver Ltd School,2026-02-14
623,Garcia Inc School,Whitney and Sons School,2026-03-24
116,"Hale, Thomas and Price School",Reed-Jones School,2026-01-31
1217,Duarte-Paul School,Harrington-Miller School,2026-03-02
1480,Brandt-Rivera School,Garcia-Edwards School,2026-03-26
936,"Thompson, Mcgrath and Rice School","Carlson, Ramsey and Haas School",2026-03-08
432,Carrillo LLC School,"Collins, Crawford and Hawkins School",2026-03-24
1792,Berry-Edwards School,Spears-Moore School,2026-01-17
842,Shannon Inc School,Fox and Sons School,2026-01-20
1237,Chase Group School,Cannon PLC School,2026-01-18
1962,Chaney Ltd School,Wheeler Inc School,2026-01-05
1696,Lewis Inc School,"Winters, Russell and Trujillo School",2026-04-01
61,"Thompson, Mcgrath and Rice School",Meyers Ltd School,2026-01-15
1887,Murray-Morales School,Mathis-Porter School,2026-03-17
156,Hampton-Lang School,"Barton, Malone and Bauer School",2026-02-22
955,Duarte-Paul School,Williams-Harris School,2026-01-27
803,Castillo-James School,Gilbert PLC School,2026-04-03
1237,Chase Group School,Whitney and Sons School,2026-02-15
1933,Walker-Anderson School,"Collins, Crawford and Hawkins School",2026-02-25
602,Boyd LLC School,"Whitaker, Harris and Conley School",2026-03-22
721,Dominguez and Sons School,"Thompson, Green and Martinez School",2026-03-08
833,"Arellano, Lewis and Lawson School","Ruiz, Chambers and Ward School",2026-01-04
298,"Wiley, Phillips and Johnson School","Dixon, Adams and Austin School",2026-02-04
560,"Williams, Spencer and Cooper School",Hughes Inc School,2026-01-02
268,Williams Ltd School,"Marshall, Davis and Hensley School",2026-01-17
290,Wells Group School,Griffin-Wilkins School,2026-03-01
611,Walker-Anderson School,Gilbert PLC School,2026-02-25
616,"Patton, Wilson and Weber School","Johnson, Rodriguez and Johnson School",2026-01-09
389,"Ruiz, Chambers and Ward School",Whitney and Sons School,2026-02-08
1892,Barber PLC School,Morris-Bush School,2026-03-27
174,Diaz-Patterson School,Duncan-Moore School,2026-04-03
316,Fox PLC School,Galloway PLC School,2026-02-07
1410,Lewis Inc School,David LLC School,2026-02-11
1955,George and Sons School,"Rodriguez, Brown and Mitchell School",2026-03-21
1649,Patterson-Parker School,Glenn-Garcia School,2026-04-27
1302,Medina-Cordova School,Adams-Chapman School,2026-03-12
1893,Gutierrez-Booth School,"Dunn, Garcia and Ward School",2026-01-12
1490,Wells Group School,David LLC School,2026-02-28
1380,Jones Group School,Fox and Sons School,2026-04-01
511,Chaney Ltd School,"Gonzalez, Welch and Woods School",2026-02-20
985,Spears-Moore School,Austin PLC School,2026-04-20
357,Medina-Cordova School,Rangel PLC School,2026-01-09
1301,Ward Inc School,Duke-Waller School,2026-03-08
1257,Morris-Bush School,"Camacho, Armstrong and Williams School",2026-02-17
519,Castillo-James School,Williams-Harris School,2026-02-03
1646,Johnson-Delgado School,"Chambers, Clark and Johnson School",2026-02-09
916,Barber PLC School,Ellis-Wall School,2026-01-18
1565,Ward Inc School,Davis-Hernandez School,2026-02-14
1666,Martinez Group School,Carrillo LLC School,2026-03-15
200,Berry-Edwards School,Dominguez and Sons School,2026-02-01
1123,"Thompson, Mcgrath and Rice School",Matthews Group School,2026-04-27
669,Jones Group School,Cox Inc School,2026-04-13
1361,Norris Inc School,"Woodward, Lynn and Coleman School",2026-03-05
520,Medina-Cordova School,Davis-Hahn School,2026-01-06
1419,Johnson-Delgado School,Savage Ltd School,2026-03-01
1969,George and Sons School,"Taylor, Williams and Bryant School",2026-01-25
1596,"Brown, Banks and Reyes School",Jones PLC School,2026-01-18
187,Ramirez Inc School,Leblanc-Nelson School,2026-01-08
1678,Davis-Hernandez School,Savage Ltd School,2026-03-15
1251,"Bailey, Ortiz and Brooks School",Glenn-Garcia School,2026-01-11
588,Franco-Baker School,Duke-Waller School,2026-03-09
380,Morris-Bush School,David LLC School,2026-02-13
1760,Cunningham and Sons School,Oliver Ltd School,2026-01-19
278,Newman Inc School,"Ball, Robinson and Wise School",2026-03-14
1181,Brandt-Rivera School,Shepherd Ltd School,2026-01-09
237,"Shaw, Dickerson and Roberts School","Moore, King and Nguyen School",2026-02-02
335,Chase Group School,"Ruiz, Williams and Johnson School",2026-04-07
1701,White-Leblanc School,Ramos and Sons School,2026-01-05
736,"Thomas, Barrera and Wiggins School","Mitchell, Harper and Wood School",2026-03-01
1578,"Wiley, Phillips and Johnson School","Taylor, Williams and Bryant School",2026-03-26
1112,"Armstrong, Davis and Bean School","Ruiz, Garcia and Campbell School",2026-03-17
1936,Paul PLC School,Campbell-Thompson School,2026-03-13
1884,Austin-Roberson School,Duke-Waller School,2026-01-03
1633,Garcia Inc School,Morris-Bush School,2026-02-11
1192,Henderson-Schneider School,Reed-Jones School,2026-01-04
283,Bauer Inc School,Williams-Greer School,2026-01-30
1118,Spears-Moore School,Rangel PLC School,2026-02-20
1290,Gonzalez-Cole School,Woods-Rivera School,2026-03-04
689,"Shaw, Dickerson and Roberts School",Williams-Greer School,2026-04-04
717,Davis-Hernandez School,Stevens LLC School,2026-03-18
202,Henderson-Schneider School,Sparks-Lee School,2026-03-19
692,"Lewis, Peterson and Wade School",Fletcher and Sons School,2026-04-16
1309,"Dunn, Garcia and Ward School",Aguilar and Sons School,2026-01-29
1072,Dominguez and Sons School,"Wiley, Phillips and Johnson School",2026-03-17
1921,Dominguez-Jones School,Williams-Greer School,2026-01-18
1338,Hartman Group School,Wells Group School,2026-01-13
1491,Weeks-Cabrera School,Ellis LLC School,2026-02-14
213,Dominguez-Jones School,Franco-Baker School,2026-03-23
1279,"Hamilton, Williams and Weaver School",Ruiz-Kelly School,2026-01-13
1434,"Fox, Gardner and Davis School","Graham, Rogers and Santiago School",2026-02-10
1035,"Mitchell, Harper and Wood School",Jordan and Sons School,2026-02-02
1242,Rangel PLC School,Leblanc-Nelson School,2026-01-20
1739,Brandt-Rivera School,Cooper-Hernandez School,2026-04-14
1933,Walker-Anderson School,Aguirre LLC School,2026-02-12
786,Chaney Ltd School,Roberts-Green School,2026-04-05
1148,Ward Inc School,Davis-Hernandez School,2026-03-18
898,Morris-Bush School,Cervantes Inc School,2026-04-12
560,"Williams, Spencer and Cooper School",Johnson-Johnson School,2026-02-18
1846,Morris-Bush School,"Williams, Spencer and Cooper School",2026-02-15
1386,"Bailey, Ortiz and Brooks School","Rodriguez, Brown and Mitchell School",2026-03-25
1617,Johnson-Johnson School,Stewart-Long School,2026-03-05
412,Parker-Lewis School,"Becker, Vazquez and Adams School",2026-02-07
1968,Boyd LLC School,Stevens LLC School,2026-03-28
1797,Hicks-Johnson School,Cervantes Inc School,2026-04-15
1483,Jones Group School,"Graham, Rogers and Santiago School",2026-02-22
1522,Choi-Glass School,Paul PLC School,2026-04-10
247,Rangel PLC School,Williams Ltd School,2026-04-27
1174,"Brown, Banks and Reyes School",Juarez-Johnson School,2026-04-20
105,Wheeler Inc School,Choi-Glass School,2026-02-28
1727,Spears-Moore School,Aguirre LLC School,2026-01-25
773,Cummings PLC School,"Jackson, Rush and Nguyen School",2026-01-04
1766,Harris and Sons School,Stevens LLC School,2026-03-03
542,Martinez Ltd School,Juarez-Johnson School,2026-01-11
1000,Chase Group School,Roach-Hartman School,2026-01-11
696,Williams Ltd School,"Guerrero, Fowler and Estrada School",2026-01-04
1642,Dominguez and Sons School,Aguilar and Sons School,2026-03-23
1559,Mccoy PLC School,Sims and Sons School,2026-04-22
1055,Roach-Hartman School,"Hamilton, Williams and Weaver School",2026-04-16
1422,"Thomas, Barrera and Wiggins School",Cunningham and Sons School,2026-02-27
1428,Brandt-Rivera School,"Ruiz, Garcia and Campbell School",2026-04-04
71,Rangel PLC School,Clark-Harrington School,2026-03-30
460,Roach-Hartman School,Cannon PLC School,2026-03-04
1778,Wheeler Inc School,Martinez Group School,2026-04-17
716,Wells Group School,Norris Inc School,2026-04-19
1590,"Lewis, Peterson and Wade School","Camacho, Armstrong and Williams School",2026-01-10
1726,Carrillo LLC School,"Carlson, Ramsey and Haas School",2026-02-01
835,King-Gomez School,"Rice, Gill and Webster School",2026-02-19
1709,Matthews Group School,"Patton, Wilson and Weber School",2026-03-30
721,Dominguez and Sons School,Carrillo LLC School,2026-04-24
1313,Young Inc School,Byrd-Williams School,2026-04-27
1003,Harris and Sons School,Medina-Cordova School,2026-04-21
1207,"Thomas, Barrera and Wiggins School",Barrett Ltd School,2026-02-15
1537,Compton-Ross School,Delgado Ltd School,2026-03-26
42,Chaney Ltd School,"Guerrero, Fowler and Estrada School",2026-03-31
764,Jones PLC School,Singleton-Petersen School,2026-04-13
1086,Weeks-Cabrera School,Reed-Jones School,2026-04-11
35,"Hale, Thomas and Price School","Clarke, Scott and Cummings School",2026-04-03
1725,Duke-Waller School,Williams-Boyer School,2026-03-24
1227,Martinez Ltd School,Pittman LLC School,2026-03-28
1530,Dominguez-Jones School,"Moyer, Williams and Smith School",2026-01-18
1588,Stewart-Thompson School,Boyd LLC School,2026-02-26
109,"Hill, Stout and Gonzalez School","Espinoza, Edwards and Mullen School",2026-01-01
278,Newman Inc School,Boyd LLC School,2026-01-15
1620,Ramirez Inc School,"Swanson, Evans and Mcneil School",2026-04-03
373,Barber PLC School,Wilson-Coleman School,2026-03-17
1374,Harris and Sons School,"House, Fisher and Steele School",2026-02-28
796,Lewis Inc School,"Davis, Patterson and Miller School",2026-04-13
1598,"Williams, Spencer and Cooper School",Smith Group School,2026-02-17
857,"Hale, Thomas and Price School","Bailey, Ortiz and Brooks School",2026-01-14
1465,Gonzalez-Cole School,"Fletcher, Torres and Taylor School",2026-04-14
1386,"Bailey, Ortiz and Brooks School","Martinez, Lopez and Morton School",2026-04-14
1733,Roach-Hartman School,"Taylor, Williams and Bryant School",2026-02-20
248,Fox PLC School,"Barton, Malone and Bauer School",2026-01-09
1555,Harris and Sons School,"Wiley, Phillips and Johnson School",2026-03-11
1023,Davis-Hernandez School,Roberts-Miller School,2026-02-17
367,Wheeler Inc School,Chase Group School,2026-04-28
462,Barber PLC School,Brown-Sanchez School,2026-02-04
243,Mason-Arnold School,Harrington-Miller School,2026-02-25
1937,"Hale, Thomas and Price School",Flores and Sons School,2026-03-07
1578,"Wiley, Phillips and Johnson School",Aguirre LLC School,2026-04-24
1999,Cunningham and Sons School,"Ramos, Smith and White School",2026-02-11
735,"Arellano, Lewis and Lawson School",Brown Inc School,2026-03-31
1405,"Thomas, Shelton and Rivera School","Anderson, Wade and Hampton School",2026-04-11
1283,"Thomas, Shelton and Rivera School",Ward Group School,2026-01-26
24,Barber PLC School,Murphy-Hardy School,2026-04-15
1548,"Horn, Hernandez and Carter School",Mendez Ltd School,2026-03-09
594,Johnson-Johnson School,"Moore, King and Nguyen School",2026-03-10
1324,"Shaw, Dickerson and Roberts School",Pittman LLC School,2026-03-23
1520,Leblanc-Nelson School,Ball-Sanchez School,2026-01-04
493,Hartman Group School,Galloway PLC School,2026-01-29
1323,"Ruiz, Chambers and Ward School",Austin-Roberson School,2026-04-27
941,Morris-Bush School,"Conrad, Flores and Cox School",2026-04-16
560,"Williams, Spencer and Cooper School","Cox, Chavez and Davis School",2026-03-11
1139,"Dunn, Garcia and Ward School","Dunn, Garcia and Ward School",2026-04-24
1322,Bauer Inc School,"Sandoval, Reynolds and Gomez School",2026-04-17
1927,Castillo-James School,"Murphy, Smith and Hill School",2026-04-11
1923,Jackson Group School,Campbell-Thompson School,2026-01-06
71,Rangel PLC School,Parker-Lewis School,2026-03-13
372,Martinez Group School,Cannon PLC School,2026-01-11
491,Roach-Hartman School,Ellis-Wall School,2026-04-12
141,Compton-Ross School,"Smith, Perry and Henderson School",2026-01-01
909,Morris-Bush School,"Carlson, Ramsey and Haas School",2026-04-07
719,Paul PLC School,"Hall, Martinez and Lynch School",2026-02-20
707,Mccoy PLC School,"Petty, Conrad and Hodges School",2026-04-17
928,Chaney Ltd School,"Taylor, Williams and Bryant School",2026-02-12
1189,King-Gomez School,"Hogan, Collins and Davis School",2026-04-14
119,Patterson-Parker School,"Thomas, Barrera and Wiggins School",2026-01-04
712,"Chambers, Clark and Johnson School","Gonzalez, Welch and Woods School",2026-04-22
1911,Edwards Group School,Mcpherson PLC School,2026-03-25
1568,Henderson-Schneider School,Diaz-Patterson School,2026-04-06
868,Gray and Sons School,Jackson Group School,2026-03-25
3,Walker-Anderson School,"Murphy, Smith and Hill School",2026-01-15
271,White-Leblanc School,Hampton-Lang School,2026-03-30
1405,"Thomas, Shelton and Rivera School",Hinton-Martinez School,2026-03-18
1918,Spears-Moore School,Strong and Sons School,2026-01-02
700,Norris Inc School,George and Sons School,2026-04-19
405,Hill-Bell School,"House, Fisher and Steele School",2026-03-26
713,"Cox, Chavez and Davis School",Wheeler-Velez School,2026-02-25
1468,Matthews Group School,"Armstrong, Davis and Bean School",2026-03-14
206,Gray and Sons School,"Martinez, Robertson and Keith School",2026-02-25
350,"Wiley, Phillips and Johnson School",Smith Group School,2026-01-06
673,George and Sons School,Stewart-Thompson School,2026-04-13
1872,"Mitchell, Harper and Wood School","Bennett, Wilkerson and Bell School",2026-02-24
749,Beck-Reyes School,Young-Sullivan School,2026-02-01
308,King-Gomez School,Fox PLC School,2026-04-26
625,Leblanc-Nelson School,Barnett-Howell School,2026-04-19
575,Young Inc School,"Mitchell, Harper and Wood School",2026-02-14
1804,Mason-Arnold School,Glenn-Garcia School,2026-01-21
975,"Whitaker, Harris and Conley School","Ramos, Smith and White School",2026-04-12
1482,Williams Ltd School,Castaneda-Davidson School,2026-01-11
907,White-Leblanc School,"Petty, Conrad and Hodges School",2026-03-20
1159,Choi-Glass School,"Ball, Robinson and Wise School",2026-04-05
1830,Mccoy PLC School,Ramos and Sons School,2026-02-24
312,Newman Inc School,"Bailey, Ortiz and Brooks School",2026-04-07
1336,Dominguez-Jones School,"Johnson, Rodriguez and Johnson School",2026-04-19
1033,"Thompson, Mcgrath and Rice School",Bradley PLC School,2026-03-04
48,Jackson Group School,"Williams, Spencer and Cooper School",2026-01-31
550,Walker-Anderson School,Williams Ltd School,2026-04-19
182,Parker-Lewis School,Cooper-Hernandez School,2026-03-16
1415,Parker-Lewis School,"Johnson, Rodriguez and Johnson School",2026-01-07
730,Barber PLC School,"Jackson, Rush and Nguyen School",2026-04-17
230,Gonzalez-Cole School,Small-Bradshaw School,2026-02-20
1430,Cummings PLC School,Galloway PLC School,2026-01-31
1632,Gutierrez-Booth School,Stewart-Long School,2026-01-12
285,Medina-Cordova School,Pittman LLC School,2026-01-21
1721,Medina-Cordova School,"Williams, Spencer and Cooper School",2026-04-16
1662,Spears-Moore School,Baldwin-Andrews School,2026-04-02
1594,Wells Group School,Glover Inc School,2026-02-05
1906,"Lewis, Peterson and Wade School",Fuller and Sons School,2026-04-17
636,Ramirez Inc School,Mathis-Porter School,2026-02-02
832,Paul PLC School,Ray-Jackson School,2026-04-17
1708,Fletcher and Sons School,Roberts-Green School,2026-01-10
494,Newman Inc School,Mccoy PLC School,2026-01-24
360,Hampton-Lang School,Wheeler Inc School,2026-03-11
406,Roberts-Green School,"Jones, Walters and Saunders School",2026-04-06
1043,Hill-Bell School,Weeks-Cabrera School,2026-02-05
1263,Gray and Sons School,Rangel PLC School,2026-04-21
1483,Jones Group School,Cervantes Inc School,2026-03-13
943,Hicks-Johnson School,Reed-Jones School,2026-01-05
334,Rangel PLC School,Ashley-Macdonald School,2026-01-06
1152,Smith Group School,"Thompson, Green and Martinez School",2026-02-11
1584,Velasquez-Zamora School,"Ball, Robinson and Wise School",2026-01-29
991,"Bailey, Ortiz and Brooks School","Miller, Douglas and Anderson School",2026-01-15
572,"Thomas, Shelton and Rivera School","Jones, Gonzalez and Green School",2026-02-01
1481,Barber PLC School,"Gordon, Turner and Hurley School",2026-01-30
633,Williams-Harris School,"Kelly, Ortiz and Carney School",2026-01-04
907,White-Leblanc School,Morton Ltd School,2026-04-19
1612,Williams Ltd School,Stafford-Hayes School,2026-01-01
1623,Norris Inc School,Newman Inc School,2026-03-13
192,"Thompson, Mcgrath and Rice School",Allen PLC School,2026-03-28
434,"Cox, Chavez and Davis School",Duke-Waller School,2026-02-24
1885,"Dunn, Garcia and Ward School","Collins, Crawford and Hawkins School",2026-04-16
694,King-Gomez School,"Smith, Ford and Holder School",2026-04-01
1623,Norris Inc School,Fletcher and Sons School,2026-02-10
1911,Edwards Group School,Roberts Group School,2026-01-18
950,Mason-Arnold School,Young-Sullivan School,2026-02-09
754,Choi-Glass School,"Carlson, Ramsey and Haas School",2026-04-02
1351,Edwards Group School,"Smith, Ford and Holder School",2026-04-15
390,"Thomas, Shelton and Rivera School",Matthews Group School,2026-03-31
1770,"Thomas, Shelton and Rivera School",Ruiz-Kelly School,2026-02-24
1273,Shannon Inc School,"Gonzalez, Welch and Woods School",2026-04-07
1743,"Hill, Stout and Gonzalez School","Espinoza, Edwards and Mullen School",2026-01-29
1257,Morris-Bush School,"Thomas, Barrera and Wiggins School",2026-04-11
104,"Thomas, Barrera and Wiggins School",White-Henderson School,2026-03-30
500,Austin-Roberson School,Williams Ltd School,2026-03-24
522,Rangel PLC School,"Hill, Stout and Gonzalez School",2026-04-05
949,Bauer Inc School,"Johnson, Butler and Hernandez School",2026-04-19
1365,"Thompson, Mcgrath and Rice School",Dominguez and Sons School,2026-01-19
1226,Ramirez Inc School,Delgado Ltd School,2026-03-11
1296,Johnson-Delgado School,Ramos and Sons School,2026-02-12
928,Chaney Ltd School,Clark-Harrington School,2026-04-29
305,Woods-Rivera School,Duncan-Moore School,2026-02-15
1788,Johnson-Johnson School,"Bonilla, Hart and Green School",2026-03-14
1844,"Fox, Gardner and Davis School",White-Henderson School,2026-01-15
656,"Arellano, Lewis and Lawson School",Smith Group School,2026-04-15
1417,Harris and Sons School,Ramos and Sons School,2026-01-24
1419,Johnson-Delgado School,David LLC School,2026-02-15
1201,Diaz-Patterson School,Bowers-Alvarez School,2026-03-05
1120,Johnson-Delgado School,Adams-Chapman School,2026-02-08
1818,"Mitchell, Harper and Wood School","Horn, Hernandez and Carter School",2026-01-03
962,"Murphy, Smith and Hill School","Ruiz, Williams and Johnson School",2026-03-01
1815,Gutierrez-Booth School,Compton-Ross School,2026-04-14
1418,Fox PLC School,Johnson-Delgado School,2026-02-06
1533,Choi-Glass School,Oliver Ltd School,2026-01-31
1106,Parker-Lewis School,Castillo-James School,2026-04-23
1038,Ward Inc School,Long LLC School,2026-03-22
746,"Armstrong, Davis and Bean School","Summers, Oliver and Howell School",2026-01-23
293,"Ruiz, Chambers and Ward School",Woodward-Anderson School,2026-04-06
1646,Johnson-Delgado School,Austin PLC School,2026-01-20
1138,Bauer Inc School,Cook PLC School,2026-04-12
164,"Cox, Chavez and Davis School",Giles PLC School,2026-04-15
750,Mason-Arnold School,Austin-Roberson School,2026-02-18
782,"Wiley, Phillips and Johnson School","Woodward, Lynn and Coleman School",2026-02-03
1000,Chase Group School,"Johnson, Butler and Hernandez School",2026-02-09
429,Choi-Glass School,"Rojas, Martin and Oneal School",2026-04-26
272,Baldwin-Andrews School,Castillo-James School,2026-01-05
8,"Cox, Chavez and Davis School",Duarte-Paul School,2026-01-23
1407,Duke-Waller School,Stevens LLC School,2026-01-14
1964,Beck-Reyes School,Hughes Inc School,2026-01-06
290,Wells Group School,Ramos and Sons School,2026-02-23
1450,"Thomas, Barrera and Wiggins School",Chase Group School,2026-01-03
167,Martinez Group School,Woodward-Anderson School,2026-03-29
1332,"Hill, Stout and Gonzalez School","Collins, Crawford and Hawkins School",2026-01-14
1820,Johnson-Delgado School,Hartman Group School,2026-02-17
150,Johnson-Johnson School,"Roach, Sanders and Barrett School",2026-04-18
1740,"Williams, Spencer and Cooper School",Boyd LLC School,2026-04-20
1711,Davis-Hernandez School,"Petty, Conrad and Hodges School",2026-04-13
197,Roberts-Green School,"Graham, Rogers and Santiago School",2026-04-14
366,Lewis Inc School,"Thompson, Mcgrath and Rice School",2026-03-12
443,Paul PLC School,Boyd LLC School,2026-03-30
351,Parker-Lewis School,"Chandler, Garcia and Gay School",2026-04-09
351,Parker-Lewis School,"Jensen, Carey and Savage School",2026-03-27
525,Cervantes Inc School,Fox PLC School,2026-02-17
1546,Williams-Harris School,Harrington-Miller School,2026-04-07
1990,Martinez Ltd School,Brown-Sanchez School,2026-04-05
1985,Bird-Larsen School,Brady-King School,2026-04-20
942,"Wiley, Phillips and Johnson School",Shannon Inc School,2026-02-21
262,Walker-Anderson School,Fletcher and Sons School,2026-04-26
846,Wheeler Inc School,Hicks-Johnson School,2026-01-09
173,"Petty, Conrad and Hodges School",Gonzalez-Cole School,2026-04-01
396,Rangel PLC School,Perez and Sons School,2026-03-24
775,Leblanc-Nelson School,"Arellano, Lewis and Lawson School",2026-03-20
1015,Duke-Waller School,"Davis, Patterson and Miller School",2026-01-26
1000,Chase Group School,Jennings Group School,2026-02-20
1892,Barber PLC School,"Marshall, Davis and Hensley School",2026-01-13
1221,Jackson Group School,Davis-Hernandez School,2026-01-18
1457,Gutierrez-Booth School,Franco-Baker School,2026-01-08
465,Dominguez and Sons School,Bowers-Alvarez School,2026-02-21
1904,"Hamilton, Williams and Weaver School",Smith Group School,2026-03-18
1836,Hall Group School,Byrd-Williams School,2026-01-25
686,Medina-Cordova School,"Summers, Oliver and Howell School",2026-01-06
508,Williams-Harris School,Barnett-Howell School,2026-01-06
1719,George and Sons School,Young-Sullivan School,2026-03-31
1990,Martinez Ltd School,Whitney and Sons School,2026-02-14
137,Duarte-Paul School,Norris Inc School,2026-01-09
338,Cervantes Inc School,George and Sons School,2026-01-23
369,Cummings PLC School,Bradford-Young School,2026-01-16
1302,Medina-Cordova School,"Brooks, Thompson and Neal School",2026-03-02
920,Matthews Group School,Spears-Moore School,2026-01-29
1146,"Patton, Wilson and Weber School",Cervantes Inc School,2026-02-15
221,"Dunn, Garcia and Ward School",Watkins-Benson School,2026-02-27
793,"Guerrero, Fowler and Estrada School","Miller, Douglas and Anderson School",2026-02-20
113,Spears-Moore School,Johnson and Sons School,2026-01-18
1301,Ward Inc School,Montoya-Parker School,2026-03-21
411,White-Leblanc School,Boyd LLC School,2026-02-06
1938,Castillo-James School,Cooper-Hernandez School,2026-01-13
1884,Austin-Roberson School,Mccoy PLC School,2026-02-07
132,Brandt-Rivera School,Smith Group School,2026-03-03
1502,Bauer Inc School,"Sandoval, Reynolds and Gomez School",2026-03-05
1880,George and Sons School,Jones and Sons School,2026-03-17
1754,"Bailey, Ortiz and Brooks School","Bonilla, Hart and Green School",2026-02-25
242,Jones PLC School,Wong LLC School,2026-01-19
1886,Patterson-Parker School,Wheeler-Velez School,2026-01-05
398,Murray-Morales School,Clark PLC School,2026-02-21
1422,"Thomas, Barrera and Wiggins School",Smith Group School,2026-02-14
1680,Castillo-James School,Garcia Inc School,2026-02-03
1592,Dominguez and Sons School,"Jennings, Luna and Giles School",2026-03-23
1338,Hartman Group School,Ramos and Sons School,2026-03-03
1959,"Thomas, Barrera and Wiggins School",Barber PLC School,2026-03-18
1273,Shannon Inc School,Dominguez-Jones School,2026-02-05
185,"Williams, Stark and Watkins School","Thompson, Green and Martinez School",2026-01-17
50,Garcia Inc School,Smith Group School,2026-04-02
1832,Brady-King School,"Ruiz, Williams and Johnson School",2026-03-07
931,"Thomas, Shelton and Rivera School",Shepherd Ltd School,2026-02-24
1428,Brandt-Rivera School,Gonzalez-Cole School,2026-03-28
1548,"Horn, Hernandez and Carter School",Martinez Ltd School,2026-02-18
1160,"Kelly, Ortiz and Carney School",Chaney Ltd School,2026-02-26
133,King-Gomez School,"Perry, Ward and Miranda School",2026-02-12
1527,Hall Group School,Gonzalez-Cole School,2026-04-11
676,"Shaw, Dickerson and Roberts School",Morton Ltd School,2026-03-02
1546,Williams-Harris School,Golden-Diaz School,2026-02-07
1403,"Williams, Spencer and Cooper School","Graham, Rogers and Santiago School",2026-02-18
1715,"Arellano, Lewis and Lawson School","Smith, Hopkins and Olson School",2026-03-01
294,Martinez Group School,"Lewis, Peterson and Wade School",2026-04-25
637,"Bonilla, Hart and Green School",Boyd LLC School,2026-01-31
1070,Williams Ltd School,Lewis LLC School,2026-01-06
1583,"Williams, Stark and Watkins School",Baldwin-Andrews School,2026-04-04
1505,"Kelly, Ortiz and Carney School",Edwards Group School,2026-01-13
254,Barber PLC School,Roberts Group School,2026-02-08
1460,Cunningham and Sons School,"Carlson, Ramsey and Haas School",2026-02-01
1061,Hill-Bell School,Bowers-Alvarez School,2026-03-02
715,Paul PLC School,Matthews Group School,2026-04-15
1549,Castillo-James School,"Dunn, Garcia and Ward School",2026-04-03
511,Chaney Ltd School,Austin PLC School,2026-04-20
608,"Ruiz, Chambers and Ward School",Byrd-Williams School,2026-01-18
1213,"Whitaker, Harris and Conley School",Sharp-Berg School,2026-04-17
1244,Austin-Roberson School,"Roach, Sanders and Barrett School",2026-03-31
1330,"Whitaker, Harris and Conley School","Mitchell, Harper and Wood School",2026-02-16
1997,Brady-King School,Martinez Ltd School,2026-01-18
792,"Ruiz, Chambers and Ward School",Spears Ltd School,2026-02-17
350,"Wiley, Phillips and Johnson School",Jones PLC School,2026-03-05
1923,Jackson Group School,Young Inc School,2026-03-07
813,"Wiley, Phillips and Johnson School",George and Sons School,2026-01-19
52,"Bailey, Ortiz and Brooks School","Martinez, Robertson and Keith School",2026-04-23
726,Leblanc-Nelson School,Hill-Bell School,2026-04-12
1953,"Brooks, Thompson and Neal School","Carroll, Jackson and Price School",2026-03-23
164,"Cox, Chavez and Davis School","Conrad, Flores and Cox School",2026-03-07
1976,Roach-Hartman School,Jennings Group School,2026-02-03
952,Rangel PLC School,Cannon PLC School,2026-04-01
1817,Martinez Group School,Young Inc School,2026-03-28
1654,"Lewis, Peterson and Wade School",Johnson-Johnson School,2026-03-20
1647,Ramirez Inc School,Strong and Sons School,2026-01-14
1703,"Bailey, Ortiz and Brooks School","Smith, Perry and Henderson School",2026-04-12
1428,Brandt-Rivera School,Gonzalez-Cole School,2026-02-06
1714,"Arellano, Lewis and Lawson School",Austin PLC School,2026-02-09
224,Newman Inc School,Hall Group School,2026-02-01
82,Chaney Ltd School,Marquez-Cross School,2026-04-20
373,Barber PLC School,Stewart-Thompson School,2026-03-11
1421,Franco-Baker School,Jones Group School,2026-01-09
1905,Cervantes Inc School,"Marshall, Davis and Hensley School",2026-01-01
1912,Brady-King School,Giles PLC School,2026-01-11
31,Martinez Ltd School,"Wagner, Macdonald and Alvarez School",2026-04-02
678,"Cox, Chavez and Davis School",Marquez-Cross School,2026-01-23
476,Young Inc School,Bauer-Johnson School,2026-04-23
440,"Thomas, Barrera and Wiggins School",Oliver Ltd School,2026-01-05
1812,Shannon Inc School,Leblanc-Nelson School,2026-04-28
1916,"Murphy, Smith and Hill School",Williams Ltd School,2026-04-19
965,"Hill, Stout and Gonzalez School",Ramirez Inc School,2026-01-08
1316,"Brooks, Thompson and Neal School",Hinton-Martinez School,2026-03-18
1219,Martinez Group School,Chase Group School,2026-01-20
349,Fox PLC School,Williams Ltd School,2026-04-03
1667,Mccoy PLC School,Norris Inc School,2026-04-09
1768,Henderson-Schneider School,Shepherd Ltd School,2026-04-03
1498,Spears-Moore School,Jordan and Sons School,2026-04-22
7,"Patton, Wilson and Weber School",Smith Group School,2026-02-02
724,"Thomas, Barrera and Wiggins School",Barrett Ltd School,2026-02-21
1243,"Wiley, Phillips and Johnson School",Ryan and Sons School,2026-01-29
1369,George and Sons School,"Ramos, Smith and White School",2026-01-31
571,"Brown, Banks and Reyes School",Glover Inc School,2026-02-28
353,Bird-Larsen School,Shepherd Ltd School,2026-01-02
649,White-Leblanc School,"Espinoza, Edwards and Mullen School",2026-01-12
1206,Strong and Sons School,Lewis Inc School,2026-03-09
667,Hall Group School,Stewart-Thompson School,2026-04-22
1253,"Arellano, Lewis and Lawson School",Austin PLC School,2026-02-17
638,Dominguez and Sons School,"Bennett, Wilkerson and Bell School",2026-02-18
1605,Ward Inc School,Ramos and Sons School,2026-03-30
1501,Morris-Bush School,"Park, Manning and Rasmussen School",2026-01-31
1403,"Williams, Spencer and Cooper School",Roach-Hartman School,2026-03-22
79,Hampton-Lang School,Weeks-Cabrera School,2026-04-10
1509,Young Inc School,Garcia Inc School,2026-04-07
690,Young Inc School,Beck-Reyes School,2026-02-25
1844,"Fox, Gardner and Davis School","Jensen, Carey and Savage School",2026-04-19
1449,Castillo-James School,Shepherd Ltd School,2026-02-17
207,"Guerrero, Fowler and Estrada School","Chambers, Clark and Johnson School",2026-02-06
1144,Smith Group School,"Chambers, Clark and Johnson School",2026-04-27
827,"Williams, Spencer and Cooper School",Dominguez-Jones School,2026-04-24
1527,Hall Group School,Wells Group School,2026-04-25
923,"Shaw, Dickerson and Roberts School",Jones PLC School,2026-03-26
987,Jones Group School,"Gonzalez, Welch and Woods School",2026-03-17
1308,Wells Group School,"Walsh, Martin and Waller School",2026-03-20
477,Leblanc-Nelson School,Cunningham and Sons School,2026-01-07
1826,Mason-Arnold School,Hampton-Lang School,2026-03-15
1143,"Hale, Thomas and Price School",Gilbert PLC School,2026-01-22
461,Carrillo LLC School,"Bonilla, Hart and Green School",2026-02-16
1620,Ramirez Inc School,Chase Group School,2026-02-24
906,Henderson-Schneider School,Williams Ltd School,2026-04-07
1932,Strong and Sons School,Morris-Bush School,2026-02-19
1540,Johnson-Johnson School,Newman Inc School,2026-04-07
9,"Bonilla, Hart and Green School",Jones PLC School,2026-02-28
1150,Norris Inc School,"Petty, Conrad and Hodges School",2026-03-24
1541,Ramirez Inc School,"Guerrero, Fowler and Estrada School",2026-03-10
1099,Brady-King School,"Anderson, Wade and Hampton School",2026-01-30
300,Gutierrez-Booth School,"Marshall, Davis and Hensley School",2026-01-10
9,"Bonilla, Hart and Green School",Rodriguez Ltd School,2026-01-27
1355,Diaz-Patterson School,Mason Group School,2026-02-01
247,Rangel PLC School,"Walsh, Martin and Waller School",2026-02-17
1469,Carrillo LLC School,Brown Inc School,2026-03-20
1202,Hill-Bell School,Ward Inc School,2026-03-02
454,Smith Group School,David LLC School,2026-04-09
710,Patterson-Parker School,Sullivan LLC School,2026-03-05
1327,Castillo-James School,"Espinoza, Edwards and Mullen School",2026-04-18
695,"Wiley, Phillips and Johnson School",Roth-Jones School,2026-01-19
224,Newman Inc School,Jennings Group School,2026-03-29
1274,Hicks-Johnson School,Jones PLC School,2026-01-14
860,Diaz-Patterson School,Brady-King School,2026-03-31
303,Young Inc School,"Chandler, Garcia and Gay School",2026-04-23
1462,Bird-Larsen School,Walker-Anderson School,2026-04-12
725,Leblanc-Nelson School,Fox PLC School,2026-02-18
595,Morris-Bush School,Garcia-Edwards School,2026-02-09
1591,Wells Group School,"Carlson, Ramsey and Haas School",2026-03-07
1288,Carrillo LLC School,Barrett Ltd School,2026-02-05
242,Jones PLC School,Castaneda-Davidson School,2026-01-08
1709,Matthews Group School,"Hall, Martinez and Lynch School",2026-01-22
1067,Ward Inc School,"Carlson, Ramsey and Haas School",2026-01-14
60,Gonzalez-Cole School,"Summers, Oliver and Howell School",2026-01-21
4,Bird-Larsen School,Mason Group School,2026-01-17
1639,Parker-Lewis School,"Horn, Hernandez and Carter School",2026-04-05
1635,Nelson and Sons School,"Jones, Walters and Saunders School",2026-04-27
1933,Walker-Anderson School,Dominguez-Jones School,2026-01-28
45,Leblanc-Nelson School,Pittman LLC School,2026-03-10
1532,"Roach, Sanders and Barrett School",Ward Group School,2026-04-24
352,Hampton-Lang School,"Kelly, Ortiz and Carney School",2026-04-24
1464,Leblanc-Nelson School,Perez and Sons School,2026-02-19
1755,Wheeler Inc School,"Rice, Gill and Webster School",2026-04-15
608,"Ruiz, Chambers and Ward School",Gutierrez-Booth School,2026-02-17
1606,"Patton, Wilson and Weber School",Baldwin-Andrews School,2026-03-01
1610,Spears-Moore School,Fox PLC School,2026-02-16
1894,Boyd LLC School,Smith-Hill School,2026-02-02
422,Stewart-Thompson School,David LLC School,2026-03-29
629,Hill-Bell School,Glover Inc School,2026-02-20
615,"Brown, Banks and Reyes School","Gonzalez, Welch and Woods School",2026-04-28
173,"Petty, Conrad and Hodges School","Thomas, Barrera and Wiggins School",2026-01-04
14,Jones Group School,Mason-Arnold School,2026-01-29
1955,George and Sons School,Duncan-Moore School,2026-03-16
546,Mccoy PLC School,Harrington-Miller School,2026-01-09
164,"Cox, Chavez and Davis School","Jackson, Rush and Nguyen School",2026-03-21
1602,Fox PLC School,Harris and Sons School,2026-04-21
664,Chaney Ltd School,Strong and Sons School,2026-03-05
867,"Kelly, Ortiz and Carney School",Watkins-Benson School,2026-03-31
1481,Barber PLC School,"Brooks, Thompson and Neal School",2026-02-05
826,Wells Group School,"Martinez, Robertson and Keith School",2026-02-11
1946,"Murphy, Smith and Hill School","Jackson, Rush and Nguyen School",2026-03-12
971,Paul PLC School,Cook and Sons School,2026-01-28
244,Austin-Roberson School,Bass-Price School,2026-03-20
713,"Cox, Chavez and Davis School",Garcia-Edwards School,2026-02-24
1004,Garcia Inc School,"Anderson, Wade and Hampton School",2026-02-07
690,Young Inc School,Byrd-Williams School,2026-03-28
1773,Lewis Inc School,Wheeler-Velez School,2026-03-12
971,Paul PLC School,Williams-Boyer School,2026-03-01
900,"Petty, Conrad and Hodges School",Martinez Ltd School,2026-01-07
285,Medina-Cordova School,Ward Group School,2026-01-02
1110,Berry-Edwards School,Walker-Russell School,2026-02-14
352,Hampton-Lang School,"Hall, Martinez and Lynch School",2026-03-19
757,Morris-Bush School,Young Inc School,2026-02-19
631,"Lewis, Peterson and Wade School","Roach, Sanders and Barrett School",2026-03-24
121,Bauer Inc School,Young Inc School,2026-01-23
1706,"Hill, Stout and Gonzalez School",Murphy-Hardy School,2026-04-25
509,Chase Group School,Williams Ltd School,2026-04-29
1260,Hall Group School,Roberts Group School,2026-03-25
829,"Smith, Hopkins and Olson School",Wilcox-Lane School,2026-04-01
1562,Wheeler Inc School,Perez and Sons School,2026-04-16
1554,"Wiley, Phillips and Johnson School",Leonard Inc School,2026-01-11
629,Hill-Bell School,Bass-Price School,2026-01-11
1047,"Williams, Spencer and Cooper School",Chaney Ltd School,2026-01-26
942,"Wiley, Phillips and Johnson School","Moyer, Williams and Smith School",2026-04-12
1781,Matthews Group School,Rodriguez Ltd School,2026-01-19
1345,Hicks-Johnson School,"Guerrero, Fowler and Estrada School",2026-03-11
1982,Davis-Hernandez School,Shepherd Ltd School,2026-02-27
1555,Harris and Sons School,"Collins, Crawford and Hawkins School",2026-04-04
872,Henderson-Schneider School,Stewart-Thompson School,2026-04-16
645,Bird-Larsen School,Mendez Ltd School,2026-04-21
551,Stewart-Thompson School,Perez and Sons School,2026-04-17
279,Walker-Anderson School,Jones Group School,2026-02-10
1688,"Arellano, Lewis and Lawson School",Savage Ltd School,2026-02-06
528,Dominguez and Sons School,"Taylor, Williams and Bryant School",2026-02-09
271,White-Leblanc School,"Armstrong, Davis and Bean School",2026-02-04
1083,Roach-Hartman School,Barrett Ltd School,2026-04-27
664,Chaney Ltd School,Watkins-Benson School,2026-03-16
1775,Lewis Inc School,"Guerrero, Fowler and Estrada School",2026-04-28
162,Martinez Ltd School,Mcpherson PLC School,2026-02-27
1671,Duke-Waller School,Beck-Reyes School,2026-02-17
314,Roach-Hartman School,Matthews Group School,2026-04-20
976,"Armstrong, Davis and Bean School",Brown-Sanchez School,2026-04-28
490,Hampton-Lang School,Sharp-Berg School,2026-04-13
1385,"Thompson, Mcgrath and Rice School",Brady-King School,2026-03-02
1334,Roberts-Green School,Jones and Sons School,2026-01-26
440,"Thomas, Barrera and Wiggins School","Ferguson, Lawson and Moore School",2026-02-19
1630,Williams-Harris School,Smith-Hill School,2026-01-12
392,"Whitaker, Harris and Conley School","Gonzalez, Welch and Woods School",2026-03-17
1832,Brady-King School,Stewart-Long School,2026-04-10
31,Martinez Ltd School,Duarte-Paul School,2026-03-13
1716,"Horn, Hernandez and Carter School",Bird-Larsen School,2026-03-10
1872,"Mitchell, Harper and Wood School",Wilcox-Lane School,2026-02-15
531,King-Gomez School,"Gonzalez, Welch and Woods School",2026-02-04
1947,"Cox, Chavez and Davis School",Wheeler Inc School,2026-04-18
811,Austin-Roberson School,"Smith, Hopkins and Olson School",2026-04-19
956,Cervantes Inc School,Ball-Sanchez School,2026-03-12
512,Chaney Ltd School,Walker-Russell School,2026-04-01
1204,Gutierrez-Booth School,Jones PLC School,2026-01-09
847,Ramirez Inc School,Bradley PLC School,2026-01-22
801,Stewart-Thompson School,Ryan and Sons School,2026-04-04
1560,Walker-Anderson School,Brandt-Rivera School,2026-01-03
302,Brady-King School,Barrett Ltd School,2026-01-21
125,"Smith, Hopkins and Olson School",Stewart-Long School,2026-04-03
182,Parker-Lewis School,Patterson-Parker School,2026-04-14
575,Young Inc School,Cook and Sons School,2026-04-28
1974,Gray and Sons School,"Ramos, Smith and White School",2026-03-17
316,Fox PLC School,"Murphy, Smith and Hill School",2026-01-31
386,"Bonilla, Hart and Green School",Ramos and Sons School,2026-02-05
293,"Ruiz, Chambers and Ward School",Berry-Edwards School,2026-04-09
621,Roach-Hartman School,Stewart-Thompson School,2026-01-03
1400,Boyd LLC School,Jones and Sons School,2026-04-29
1485,Stewart-Thompson School,"Wiley, Phillips and Johnson School",2026-02-03
1145,Martinez Ltd School,"Jensen, Carey and Savage School",2026-02-15
351,Parker-Lewis School,Ward Inc School,2026-01-07
508,Williams-Harris School,Galloway PLC School,2026-04-18
171,Jones Group School,Stevens LLC School,2026-04-28
1167,"Guerrero, Fowler and Estrada School",Nelson and Sons School,2026-03-10
787,"Fox, Gardner and Davis School",Edwards Group School,2026-04-07
1155,Velasquez-Zamora School,Ramirez Inc School,2026-01-23
1197,Dominguez-Jones School,Byrd-Williams School,2026-01-09
1665,Lewis Inc School,Ward Group School,2026-01-19
340,Chase Group School,"Hansen, Norton and Craig School",2026-03-16
802,Spears-Moore School,Cooper-Hernandez School,2026-03-24
789,George and Sons School,Sanders PLC School,2026-01-10
1252,"Wiley, Phillips and Johnson School",Glenn-Garcia School,2026-01-14
1407,Duke-Waller School,"Lewis, Peterson and Wade School",2026-01-04
736,"Thomas, Barrera and Wiggins School",Hicks-Johnson School,2026-03-22
956,Cervantes Inc School,Mcpherson PLC School,2026-04-08
1377,Cervantes Inc School,Watkins-Benson School,2026-03-21
1093,Duarte-Paul School,Brown-Sanchez School,2026-02-06
1698,"Whitaker, Harris and Conley School",Ellis-Wall School,2026-04-14
775,Leblanc-Nelson School,"Hansen, Norton and Craig School",2026-01-25
1505,"Kelly, Ortiz and Carney School",Stevens LLC School,2026-01-03
1328,"Shaw, Dickerson and Roberts School",Smith-Hill School,2026-01-08
170,Ellis LLC School,"Williams, Stark and Watkins School",2026-04-19
1444,"Petty, Conrad and Hodges School","Becker, Vazquez and Adams School",2026-02-23
1205,Dominguez-Jones School,Fernandez LLC School,2026-01-11
308,King-Gomez School,Walker-Anderson School,2026-04-01
1912,Brady-King School,Fletcher and Sons School,2026-03-10
583,"Wiley, Phillips and Johnson School",Sparks-Lee School,2026-03-17
687,Ellis LLC School,Fox PLC School,2026-01-18
1304,Woods-Rivera School,Ashley-Macdonald School,2026-01-09
248,Fox PLC School,"Murphy, Smith and Hill School",2026-03-25
1453,Diaz-Patterson School,"Collins, Crawford and Hawkins School",2026-04-09
1665,Lewis Inc School,"Williams, Spencer and Cooper School",2026-04-29
1349,"Mitchell, Harper and Wood School",White-Henderson School,2026-04-26
593,"Roach, Sanders and Barrett School",Ferguson LLC School,2026-03-27
1756,"Williams, Stark and Watkins School",Gonzalez-Cole School,2026-03-09
1082,Jones Group School,Young Inc School,2026-01-10
82,Chaney Ltd School,Clark-Harrington School,2026-01-13
1709,Matthews Group School,Flores and Sons School,2026-02-04
1210,Young Inc School,Miller LLC School,2026-03-22
1916,"Murphy, Smith and Hill School","Davis, Patterson and Miller School",2026-02-08
468,"Hale, Thomas and Price School",Dominguez and Sons School,2026-03-08
803,Castillo-James School,Chaney Ltd School,2026-02-02
1211,Patterson-Parker School,"Martinez, Lopez and Morton School",2026-03-11
782,"Wiley, Phillips and Johnson School",Martinez Group School,2026-04-15
1797,Hicks-Johnson School,Jones PLC School,2026-02-12
1339,"Shaw, Dickerson and Roberts School",Mccoy PLC School,2026-04-10
1647,Ramirez Inc School,Martinez Group School,2026-01-13
526,"Murphy, Smith and Hill School",Nelson and Sons School,2026-01-07
309,Brandt-Rivera School,"Miles, Benjamin and Turner School",2026-02-07
1991,Compton-Ross School,"Miller, Douglas and Anderson School",2026-02-19
1494,Nelson and Sons School,"Ruiz, Chambers and Ward School",2026-02-19
1012,Norris Inc School,"Dixon, Adams and Austin School",2026-04-13
6,Cummings PLC School,"Mitchell, Harper and Wood School",2026-01-15
1155,Velasquez-Zamora School,"Sandoval, Reynolds and Gomez School",2026-02-09
784,Choi-Glass School,Austin PLC School,2026-03-31
1557,Mccoy PLC School,"Graham, Rogers and Santiago School",2026-03-26
1647,Ramirez Inc School,Berry-Edwards School,2026-03-01
428,"Whitaker, Harris and Conley School","Carroll, Jackson and Price School",2026-01-09
1378,Williams Ltd School,Ruiz-Kelly School,2026-03-27
92,Newman Inc School,George and Sons School,2026-04-03
70,"Arellano, Lewis and Lawson School",Solis-Baker School,2026-03-20
1406,Medina-Cordova School,Baldwin-Andrews School,2026-03-06
1543,Hill-Bell School,Aguilar and Sons School,2026-02-20
1741,Berry-Edwards School,"Bennett, Wilkerson and Bell School",2026-01-27
1231,Bass-Price School,Haynes Group School,2026-01-12
413,Ramirez Inc School,Brown Inc School,2026-02-20
219,Murphy-Hardy School,"Miles, Benjamin and Turner School",2026-02-20
1254,"Patton, Wilson and Weber School",Hartman Group School,2026-03-15
1528,"Arellano, Lewis and Lawson School",Carrillo LLC School,2026-03-18
1288,Carrillo LLC School,Austin-Roberson School,2026-02-20
592,Medina-Cordova School,Hampton-Lang School,2026-04-02
272,Baldwin-Andrews School,Bradley PLC School,2026-03-27
1713,"Dunn, Garcia and Ward School",Montoya-Parker School,2026-04-23
725,Leblanc-Nelson School,Newman Inc School,2026-01-17
1888,"Brown, Banks and Reyes School","Jones, Gonzalez and Green School",2026-01-22
1437,Williams Ltd School,Hampton-Lang School,2026-04-18
187,Ramirez Inc School,Jackson Group School,2026-04-29
1170,Weeks-Cabrera School,"Williams, Spencer and Cooper School",2026-02-27
1620,Ramirez Inc School,"Thompson, Mcgrath and Rice School",2026-01-03
362,"Whitaker, Harris and Conley School",Juarez-Johnson School,2026-01-06
71,Rangel PLC School,"Smith, Perry and Henderson School",2026-04-06
576,Choi-Glass School,Williams Ltd School,2026-02-12
959,Hicks-Johnson School,Patterson-Parker School,2026-02-03
520,Medina-Cordova School,"Moyer, Williams and Smith School",2026-03-11
1196,Edwards Group School,Miller LLC School,2026-01-12
1845,Baldwin-Andrews School,"Lewis, Peterson and Wade School",2026-01-19
1487,Henderson-Schneider School,"Summers, Oliver and Howell School",2026-02-25
1930,Matthews Group School,"Galvan, Swanson and Branch School",2026-04-25
1559,Mccoy PLC School,"Lewis, Peterson and Wade School",2026-04-20
1193,Morris-Bush School,Strong and Sons School,2026-01-23
56,"Cox, Chavez and Davis School","Collins, Crawford and Hawkins School",2026-01-22
620,"Horn, Hernandez and Carter School","Hansen, Norton and Craig School",2026-04-18
185,"Williams, Stark and Watkins School","Winters, Russell and Trujillo School",2026-02-14
287,Choi-Glass School,Mason-Arnold School,2026-01-31
1636,Austin-Roberson School,Pham-Hernandez School,2026-01-06
1199,Hampton-Lang School,Duncan-Moore School,2026-04-17
570,Walker-Anderson School,Ellis-Wall School,2026-02-28
1686,Austin-Roberson School,Matthews-Smith School,2026-02-22
874,Lewis Inc School,"Brooks, Thompson and Neal School",2026-03-25
1670,"Mitchell, Harper and Wood School",Castillo-James School,2026-03-21
1756,"Williams, Stark and Watkins School",Hinton-Martinez School,2026-04-14
787,"Fox, Gardner and Davis School",Medina-Cordova School,2026-04-17
1487,Henderson-Schneider School,Harris and Sons School,2026-02-22
658,White-Leblanc School,"Dixon, Adams and Austin School",2026-04-24
1740,"Williams, Spencer and Cooper School",Fox PLC School,2026-04-07
1830,Mccoy PLC School,"Thomas, Barrera and Wiggins School",2026-04-09
1109,Cunningham and Sons School,"Armstrong, Davis and Bean School",2026-04-05
607,Williams Ltd School,"Miller, Douglas and Anderson School",2026-02-27
1958,Spears-Moore School,Matthews-Smith School,2026-01-31
740,"Dunn, Garcia and Ward School",Compton-Ross School,2026-02-26
722,"Cox, Chavez and Davis School",Jordan and Sons School,2026-04-07
1729,Bass-Price School,Mccoy PLC School,2026-02-23
854,Henderson-Schneider School,Bradford-Young School,2026-03-01
552,"Cox, Chavez and Davis School","Anderson, Wade and Hampton School",2026-04-15
493,Hartman Group School,"Carlson, Ramsey and Haas School",2026-03-17
1253,"Arellano, Lewis and Lawson School",Oliver Ltd School,2026-03-04
1579,Hartman Group School,Medina-Fry School,2026-03-17
171,Jones Group School,Shannon Inc School,2026-04-26
605,"Brown, Banks and Reyes School",Rodriguez Ltd School,2026-01-03
782,"Wiley, Phillips and Johnson School","Rojas, Martin and Oneal School",2026-01-30
70,"Arellano, Lewis and Lawson School",Singleton-Petersen School,2026-04-15
1344,Jones Group School,Oliver Ltd School,2026-02-15
555,White-Leblanc School,Sanders PLC School,2026-04-02
1492,Wells Group School,"Armstrong, Davis and Bean School",2026-01-01
1764,Hill-Bell School,Bass-Price School,2026-03-02
1222,Weeks-Cabrera School,Ray-Jackson School,2026-01-17
759,"Thompson, Mcgrath and Rice School","Woodward, Lynn and Coleman School",2026-04-15
313,Leblanc-Nelson School,White-Henderson School,2026-03-26
778,Duke-Waller School,Whitney and Sons School,2026-02-16
1893,Gutierrez-Booth School,Gray and Sons School,2026-01-03
559,Velasquez-Zamora School,"Williams, Spencer and Cooper School",2026-02-06
1500,"Mitchell, Harper and Wood School",Alvarado Group School,2026-03-05
1200,Cummings PLC School,Ward Group School,2026-03-28
1419,Johnson-Delgado School,Gilbert PLC School,2026-03-07
1580,Beck-Reyes School,Hinton-Martinez School,2026-03-16
320,Cunningham and Sons School,Martinez Group School,2026-01-23
1980,Berry-Edwards School,Roth-Jones School,2026-04-02
1933,Walker-Anderson School,Martinez Group School,2026-01-12
168,Henderson-Schneider School,Reed-Jones School,2026-01-12
1295,"Thomas, Shelton and Rivera School",Mendez Ltd School,2026-03-21
961,White-Leblanc School,Williams-Harris School,2026-02-03
1080,"Ruiz, Chambers and Ward School",Roach-Hartman School,2026-03-27
1673,"Petty, Conrad and Hodges School",Barrett Ltd School,2026-02-13
1607,"Williams, Spencer and Cooper School",Jones Group School,2026-02-21
1886,Patterson-Parker School,Rodriguez Ltd School,2026-04-04
1456,"Kelly, Ortiz and Carney School",Gray and Sons School,2026-04-25
367,Wheeler Inc School,"Miles, Benjamin and Turner School",2026-04-29
1469,Carrillo LLC School,Woods-Rivera School,2026-03-02
1195,Dominguez and Sons School,"Anderson, Wade and Hampton School",2026-03-13
1253,"Arellano, Lewis and Lawson School","Graham, Rogers and Santiago School",2026-03-22
1952,Smith Group School,"Jennings, Luna and Giles School",2026-04-08
1962,Chaney Ltd School,Young-Sullivan School,2026-04-25
488,Wheeler Inc School,Rodriguez-Williams School,2026-04-24
1080,"Ruiz, Chambers and Ward School",Gray and Sons School,2026-03-01
1987,Jackson Group School,Roth-Jones School,2026-03-16
690,Young Inc School,Weeks-Cabrera School,2026-03-28
535,Paul PLC School,"Thomas, Barrera and Wiggins School",2026-02-18
809,"Petty, Conrad and Hodges School",Raymond Ltd School,2026-04-11
1035,"Mitchell, Harper and Wood School",Sharp-Berg School,2026-03-26
1383,Paul PLC School,"Johnson, Rodriguez and Johnson School",2026-02-13
1075,Spears-Moore School,"Johnson, Butler and Hernandez School",2026-04-27
1094,Williams Ltd School,White-Leblanc School,2026-03-23
1341,Edwards Group School,Ferguson LLC School,2026-02-02
132,Brandt-Rivera School,Delgado Ltd School,2026-01-15
1559,Mccoy PLC School,Williams-Boyer School,2026-04-12
617,Parker-Lewis School,Wilson-Coleman School,2026-02-01
474,Newman Inc School,Paul PLC School,2026-02-25
426,Jones Group School,Clark PLC School,2026-02-16
981,Beck-Reyes School,Cummings PLC School,2026-01-26
355,Choi-Glass School,Roberts-Green School,2026-04-20
267,"Cox, Chavez and Davis School","Taylor, Williams and Bryant School",2026-02-25
652,Patterson-Parker School,Boyd LLC School,2026-04-07
98,"Wiley, Phillips and Johnson School","Whitaker, Harris and Conley School",2026-04-08
403,Newman Inc School,George and Sons School,2026-02-11
1266,Henderson-Schneider School,Goodman-Stewart School,2026-04-17
1572,"Wiley, Phillips and Johnson School",Garcia Inc School,2026-03-29
1873,Franco-Baker School,Wong LLC School,2026-03-08
241,"Cox, Chavez and Davis School",Ball-Sanchez School,2026-01-22
1599,"Smith, Hopkins and Olson School","Johnson, Butler and Hernandez School",2026-04-25
70,"Arellano, Lewis and Lawson School",Cook and Sons School,2026-02-28
1162,"Thompson, Mcgrath and Rice School",Stevens LLC School,2026-04-20
953,George and Sons School,David LLC School,2026-04-28
1641,Young Inc School,Clark PLC School,2026-01-20
822,"Williams, Spencer and Cooper School","Rodriguez, Brown and Mitchell School",2026-02-13
123,Shannon Inc School,Sullivan LLC School,2026-04-27
266,Paul PLC School,"Thomas, Shelton and Rivera School",2026-03-28
656,"Arellano, Lewis and Lawson School","Galvan, Swanson and Branch School",2026-04-22
652,Patterson-Parker School,Williams-Boyer School,2026-01-13
1577,Martinez Group School,"Rodriguez, Brown and Mitchell School",2026-04-23
1055,Roach-Hartman School,"Jackson, Rush and Nguyen School",2026-03-25
1840,"Horn, Hernandez and Carter School",Byrd-Williams School,2026-03-19
1875,"Dunn, Garcia and Ward School",Sharp-Berg School,2026-04-12
1439,"Thompson, Green and Martinez School",Martinez Group School,2026-03-13
1449,Castillo-James School,"Shaw, Dickerson and Roberts School",2026-03-20
1435,"Ruiz, Chambers and Ward School","Chandler, Garcia and Gay School",2026-02-21
1171,Weeks-Cabrera School,"Patton, Wilson and Weber School",2026-04-23
740,"Dunn, Garcia and Ward School",Castaneda-Davidson School,2026-02-20
1127,"Mitchell, Harper and Wood School",Smith-Hill School,2026-04-01
177,Bass-Price School,Bowers-Alvarez School,2026-04-03
214,Compton-Ross School,Ryan and Sons School,2026-03-27
1678,Davis-Hernandez School,Boyd LLC School,2026-01-24
1465,Gonzalez-Cole School,Golden-Diaz School,2026-02-28
1535,Martinez Group School,Ryan and Sons School,2026-02-08
476,Young Inc School,Johnson and Sons School,2026-02-17
1424,Young Inc School,Morris-Bush School,2026-01-25
1255,Ramirez Inc School,Small-Bradshaw School,2026-02-13
77,"Thompson, Green and Martinez School",Wilcox-Lane School,2026-01-03
1350,Garcia Inc School,"Ferguson, Lawson and Moore School",2026-01-31
843,"Brooks, Thompson and Neal School",Wells Group School,2026-04-19
1571,Norris Inc School,Ruiz-Kelly School,2026-02-18
805,"Hamilton, Williams and Weaver School","Petty, Conrad and Hodges School",2026-04-13
1200,Cummings PLC School,"Johnson, Rodriguez and Johnson School",2026-04-19
363,Chaney Ltd School,Norris Inc School,2026-01-02
1650,Roach-Hartman School,Boyd LLC School,2026-02-06
1248,Mason-Arnold School,Marquez-Cross School,2026-04-24
1231,Bass-Price School,"Davis, Patterson and Miller School",2026-02-02
281,Medina-Cordova School,Smith Group School,2026-03-14
1112,"Armstrong, Davis and Bean School","Guerrero, Fowler and Estrada School",2026-04-27
934,Spears-Moore School,Long LLC School,2026-03-21
1185,Hall Group School,Garcia Inc School,2026-01-09
542,Martinez Ltd School,Pham-Hernandez School,2026-02-01
476,Young Inc School,"Rice, Gill and Webster School",2026-03-01
1927,Castillo-James School,Roberts-Green School,2026-04-12
329,Cox Inc School,Parker-Lewis School,2026-03-01
1982,Davis-Hernandez School,"Sandoval, Reynolds and Gomez School",2026-03-24
776,Fox PLC School,Roach-Hartman School,2026-03-14
638,Dominguez and Sons School,Williams-Harris School,2026-03-18
1437,Williams Ltd School,Alvarado Group School,2026-02-23
842,Shannon Inc School,Golden-Diaz School,2026-04-25
341,Gonzalez-Cole School,Goodman-Stewart School,2026-04-16
759,"Thompson, Mcgrath and Rice School",Fox PLC School,2026-02-28
1114,Matthews Group School,"Smith, Ford and Holder School",2026-03-13
1654,"Lewis, Peterson and Wade School",Medina-Fry School,2026-04-11
1231,Bass-Price School,Harris and Sons School,2026-03-17
164,"Cox, Chavez and Davis School",Choi-Glass School,2026-04-24
1430,Cummings PLC School,"Murphy, Smith and Hill School",2026-01-14
1323,"Ruiz, Chambers and Ward School",Hughes Inc School,2026-04-17
1,Chase Group School,Walker-Anderson School,2026-03-30
1127,"Mitchell, Harper and Wood School",Martinez Ltd School,2026-02-04
1987,Jackson Group School,Ellis-Wall School,2026-03-01
592,Medina-Cordova School,Williams Ltd School,2026-04-10
293,"Ruiz, Chambers and Ward School",Jones PLC School,2026-03-06
0,Duarte-Paul School,Beck-Reyes School,2026-03-30
635,Parker-Lewis School,Mccoy PLC School,2026-04-14
795,Strong and Sons School,Sharp-Berg School,2026-01-07
809,"Petty, Conrad and Hodges School",Sullivan LLC School,2026-02-21
1190,"Murphy, Smith and Hill School",Leblanc-Nelson School,2026-03-11
433,Choi-Glass School,Wheeler-Velez School,2026-01-14
1082,Jones Group School,Henderson-Schneider School,2026-03-19
1169,Gonzalez-Cole School,Smith Group School,2026-01-21
1076,Beck-Reyes School,Ward Group School,2026-04-12
1571,Norris Inc School,Ruiz-Kelly School,2026-03-08
936,"Thompson, Mcgrath and Rice School","Patton, Wilson and Weber School",2026-01-09
1368,Johnson-Johnson School,Leonard Inc School,2026-03-18
1035,"Mitchell, Harper and Wood School",Nelson and Sons School,2026-04-20
1294,"Arellano, Lewis and Lawson School","Jackson, Rush and Nguyen School",2026-03-27
549,Henderson-Schneider School,Berry-Edwards School,2026-03-04
1102,Williams Ltd School,Wilcox-Lane School,2026-02-03
1757,"Hamilton, Williams and Weaver School",Hughes Inc School,2026-04-13
1158,"Bonilla, Hart and Green School",Rangel PLC School,2026-01-06
1212,"Horn, Hernandez and Carter School","Conrad, Flores and Cox School",2026-03-21
1256,"Thompson, Mcgrath and Rice School",Cunningham and Sons School,2026-04-08
433,Choi-Glass School,"Woodward, Lynn and Coleman School",2026-02-07
458,Duarte-Paul School,Davis-Hernandez School,2026-01-02
373,Barber PLC School,Rangel PLC School,2026-01-22
517,Cunningham and Sons School,Singleton-Petersen School,2026-01-14
1617,Johnson-Johnson School,Paul PLC School,2026-04-23
1484,Martinez Group School,Bauer-Johnson School,2026-03-03
754,Choi-Glass School,Raymond Ltd School,2026-04-22
1671,Duke-Waller School,Bradley PLC School,2026-04-01
529,Martinez Ltd School,Dominguez and Sons School,2026-04-12
1262,"Thompson, Mcgrath and Rice School",Morris-Bush School,2026-03-26
1379,Williams-Harris School,Berry-Edwards School,2026-03-15
97,"Roach, Sanders and Barrett School",Brown-Sanchez School,2026-03-24
1092,Edwards Group School,Woods-Rivera School,2026-03-04
1140,Shannon Inc School,Welch-Carter School,2026-04-12
1485,Stewart-Thompson School,Smith Group School,2026-03-09
1886,Patterson-Parker School,Haynes Group School,2026-01-06
104,"Thomas, Barrera and Wiggins School",Ashley-Macdonald School,2026-03-08
963,"Fox, Gardner and Davis School",Murphy-Hardy School,2026-01-09
393,Bauer Inc School,Matthews-Smith School,2026-01-26
1497,Murphy-Hardy School,"Williams, Spencer and Cooper School",2026-03-12
1004,Garcia Inc School,Bauer-Johnson School,2026-04-06
1132,Dominguez and Sons School,Choi-Glass School,2026-03-11
1172,Fox PLC School,Walker-Anderson School,2026-03-09
191,Ellis LLC School,Harrington-Miller School,2026-04-28
1528,"Arellano, Lewis and Lawson School","Graham, Rogers and Santiago School",2026-01-05
1615,Young Inc School,Fox PLC School,2026-04-17
1856,"Kelly, Ortiz and Carney School",Wheeler Inc School,2026-04-03
1910,Young Inc School,"Jackson, Rush and Nguyen School",2026-01-19
1258,"Wiley, Phillips and Johnson School","Ruiz, Chambers and Ward School",2026-03-14
1247,Gonzalez-Cole School,Edwards Group School,2026-04-27
1325,Cervantes Inc School,Bass-Price School,2026-04-03
891,"Bailey, Ortiz and Brooks School",Hicks-Johnson School,2026-04-10
1450,"Thomas, Barrera and Wiggins School",Oliver Ltd School,2026-02-16
1899,Newman Inc School,"Becker, Vazquez and Adams School",2026-03-01
1682,Castillo-James School,Raymond Ltd School,2026-01-29
21,Murray-Morales School,Montoya-Parker School,2026-04-04
663,"Williams, Stark and Watkins School",Jackson Group School,2026-01-25
675,Berry-Edwards School,Bass-Price School,2026-04-04
426,Jones Group School,Hinton-Martinez School,2026-02-09
467,"Brooks, Thompson and Neal School","Park, Manning and Rasmussen School",2026-01-07
1808,Garcia Inc School,"Hansen, Norton and Craig School",2026-02-03
713,"Cox, Chavez and Davis School","Thomas, Shelton and Rivera School",2026-03-02
1380,Jones Group School,"Horn, Hernandez and Carter School",2026-01-25
522,Rangel PLC School,David LLC School,2026-01-03
97,"Roach, Sanders and Barrett School",Jones Group School,2026-04-23
122,Bass-Price School,Parker-Lewis School,2026-01-09
282,"Thomas, Barrera and Wiggins School","Davis, Patterson and Miller School",2026-01-31
519,Castillo-James School,"Williams, Spencer and Cooper School",2026-01-20
1604,"Thomas, Barrera and Wiggins School","Camacho, Armstrong and Williams School",2026-01-04
8,"Cox, Chavez and Davis School",Smith Group School,2026-04-22
1225,Young Inc School,Brady-King School,2026-03-14
1664,Brady-King School,"Rice, Gill and Webster School",2026-03-10
1180,"Fox, Gardner and Davis School","Chambers, Clark and Johnson School",2026-03-05
161,Garcia Inc School,Ashley-Macdonald School,2026-01-04
1582,Walker-Anderson School,Jennings Group School,2026-01-13
257,"Brown, Banks and Reyes School",Sims and Sons School,2026-04-03
1778,Wheeler Inc School,Bauer Inc School,2026-01-05
1948,"Kelly, Ortiz and Carney School",Stafford-Hayes School,2026-01-22
35,"Hale, Thomas and Price School",Shepherd Ltd School,2026-01-15
606,Brandt-Rivera School,"Moore, King and Nguyen School",2026-01-04
1571,Norris Inc School,"Hansen, Norton and Craig School",2026-03-08
822,"Williams, Spencer and Cooper School",Henderson-Schneider School,2026-03-28
868,Gray and Sons School,"Martinez, Robertson and Keith School",2026-04-27
1440,Boyd LLC School,Franco-Baker School,2026-03-31
81,Edwards Group School,"Lewis, Peterson and Wade School",2026-02-19
856,Nelson and Sons School,Morton Ltd School,2026-02-15
1621,Hampton-Lang School,Gray and Sons School,2026-02-05
686,Medina-Cordova School,Allen PLC School,2026-03-21
588,Franco-Baker School,Dominguez and Sons School,2026-01-19
775,Leblanc-Nelson School,Mendez Ltd School,2026-03-05
1743,"Hill, Stout and Gonzalez School",Mathis-Porter School,2026-03-30
201,Smith Group School,Fox and Sons School,2026-01-10
147,Wells Group School,Brady-King School,2026-03-25
696,Williams Ltd School,"Bailey, Ortiz and Brooks School",2026-03-30
122,Bass-Price School,Long LLC School,2026-01-24
1086,Weeks-Cabrera School,Jordan and Sons School,2026-03-26
14,Jones Group School,Ward Group School,2026-01-22
585,"Armstrong, Davis and Bean School","Marshall, Davis and Hensley School",2026-02-04
929,"Bonilla, Hart and Green School",Wheeler Inc School,2026-03-02
466,"Bailey, Ortiz and Brooks School",Ashley-Macdonald School,2026-02-21
243,Mason-Arnold School,"Marshall, Davis and Hensley School",2026-02-25
1377,Cervantes Inc School,Wilcox-Lane School,2026-02-28
1024,Barber PLC School,"Sandoval, Reynolds and Gomez School",2026-03-23
519,Castillo-James School,"Graham, Rogers and Santiago School",2026-03-22
1841,Weeks-Cabrera School,Baldwin-Andrews School,2026-03-19
824,"Hamilton, Williams and Weaver School",Lam-Davis School,2026-01-12
1206,Strong and Sons School,Ramirez Inc School,2026-02-04
1339,"Shaw, Dickerson and Roberts School","Gordon, Turner and Hurley School",2026-02-05
1771,Young Inc School,Bauer-Johnson School,2026-03-07
653,Mccoy PLC School,Wheeler Inc School,2026-03-02
1076,Beck-Reyes School,Austin PLC School,2026-03-14
561,Dominguez-Jones School,Castaneda-Davidson School,2026-04-21
1109,Cunningham and Sons School,Haynes Group School,2026-04-25
1717,"Armstrong, Davis and Bean School",George and Sons School,2026-01-19
1083,Roach-Hartman School,Sullivan LLC School,2026-01-23
156,Hampton-Lang School,"Brown, Banks and Reyes School",2026-04-08
1485,Stewart-Thompson School,"Cox, Chavez and Davis School",2026-01-24
1394,Leblanc-Nelson School,"Woodward, Lynn and Coleman School",2026-04-09
178,"Bailey, Ortiz and Brooks School","Johnson, Rodriguez and Johnson School",2026-02-08
747,"Shaw, Dickerson and Roberts School","Moore, King and Nguyen School",2026-03-11
645,Bird-Larsen School,"Ruiz, Chambers and Ward School",2026-03-08
811,Austin-Roberson School,Cox Inc School,2026-03-07
1752,Murray-Morales School,Clark PLC School,2026-02-07
1126,"Bonilla, Hart and Green School",Fernandez LLC School,2026-03-22
1973,Shannon Inc School,Jordan and Sons School,2026-02-10
1788,Johnson-Johnson School,"Thompson, Green and Martinez School",2026-01-05
1891,Fox PLC School,Brady-King School,2026-01-30
1932,Strong and Sons School,"Miller, Douglas and Anderson School",2026-03-01
151,"Dunn, Garcia and Ward School",Ramirez Inc School,2026-02-19
691,Leblanc-Nelson School,"Brooks, Thompson and Neal School",2026-03-08
225,Bass-Price School,Shannon Inc School,2026-02-05
117,Jones PLC School,Duarte-Paul School,2026-04-18
976,"Armstrong, Davis and Bean School",Duke-Waller School,2026-02-10
685,Cervantes Inc School,Compton-Ross School,2026-03-02
161,Garcia Inc School,"Miller, Douglas and Anderson School",2026-04-16
1265,Roach-Hartman School,"Gonzalez, Welch and Woods School",2026-04-07
1021,"Ruiz, Chambers and Ward School",Duke-Waller School,2026-03-27
1125,Jackson Group School,Williams Ltd School,2026-03-11
729,Jones Group School,"Williams, Spencer and Cooper School",2026-01-01
237,"Shaw, Dickerson and Roberts School",Mason Group School,2026-03-03
1344,Jones Group School,Bird-Larsen School,2026-01-04
1011,Cervantes Inc School,Hill-Bell School,2026-02-02
1368,Johnson-Johnson School,"Sandoval, Reynolds and Gomez School",2026-04-20
219,Murphy-Hardy School,"Park, Manning and Rasmussen School",2026-01-20
398,Murray-Morales School,Mccoy PLC School,2026-03-18
1134,"Petty, Conrad and Hodges School",Brown Inc School,2026-03-02
883,Jones Group School,Murphy-Hardy School,2026-02-11
1696,Lewis Inc School,"Jones, Gonzalez and Green School",2026-04-15
1657,Duke-Waller School,King-Gomez School,2026-02-15
1360,Strong and Sons School,Shepherd Ltd School,2026-01-07
1186,Bass-Price School,Hampton-Lang School,2026-01-01
1929,Henderson-Schneider School,"Jackson, Rush and Nguyen School",2026-02-22
328,Franco-Baker School,Castillo-James School,2026-04-17
636,Ramirez Inc School,Johnson-Delgado School,2026-02-26
552,"Cox, Chavez and Davis School",Jones PLC School,2026-02-08
701,Duarte-Paul School,George and Sons School,2026-01-11
1982,Davis-Hernandez School,"Thompson, Green and Martinez School",2026-04-25
1391,Hampton-Lang School,Williams Ltd School,2026-01-22
752,"Thompson, Mcgrath and Rice School",Fernandez LLC School,2026-02-28
582,Jones PLC School,"Patton, Wilson and Weber School",2026-02-27
50,Garcia Inc School,"Ruiz, Garcia and Campbell School",2026-01-17
226,Williams-Harris School,"Armstrong, Davis and Bean School",2026-02-18
564,Jackson Group School,Ashley-Macdonald School,2026-01-29
1089,Berry-Edwards School,Ryan and Sons School,2026-04-13
428,"Whitaker, Harris and Conley School",David LLC School,2026-04-07
710,Patterson-Parker School,Jennings Group School,2026-04-18
1974,Gray and Sons School,Davis-Hahn School,2026-04-02
679,Williams-Harris School,"Jones, Gonzalez and Green School",2026-01-03
1078,Williams Ltd School,"Chandler, Garcia and Gay School",2026-04-11
1853,Bird-Larsen School,Franco-Baker School,2026-04-07
182,Parker-Lewis School,Pittman LLC School,2026-03-08
267,"Cox, Chavez and Davis School","Brooks, Thompson and Neal School",2026-02-26
278,Newman Inc School,Wilcox-Lane School,2026-04-29
